edge_id,origin_id,destination_id,mode,distance_km,time_h,emissions_kgCO2_per_tkm,cost_usd_per_tkm
AIR_EWR_ORD,EWR,ORD,air,1150,7.4,0.57479,3.132
AIR_EWR_LAX,EWR,LAX,air,3940,10.9,0.55543,2.632
AIR_EWR_GRU,EWR,GRU,air,7680,15.6,0.53108,1.471
AIR_EWR_PTY,EWR,PTY,air,3550,10.4,0.57014,2.382
AIR_EWR_AMS,EWR,AMS,air,5870,13.3,0.56144,2.074
AIR_EWR_DUS,EWR,DUS,air,6040,13.6,0.57585,1.799
AIR_EWR_IST,EWR,IST,air,8050,16.1,0.53418,1.6
AIR_EWR_CMN,EWR,CMN,air,5830,13.3,0.53259,1.913
AIR_EWR_JNB,EWR,JNB,air,12860,22.1,0.55136,1.441
AIR_EWR_DXB,EWR,DXB,air,11020,19.8,0.53852,1.48
AIR_EWR_BOM,EWR,BOM,air,12550,21.7,0.53017,1.534
AIR_EWR_DEL,EWR,DEL,air,11770,20.7,0.54265,1.438
AIR_EWR_SIN,EWR,SIN,air,15340,25.2,0.56568,1.487
AIR_EWR_BKK,EWR,BKK,air,13950,23.4,0.55078,1.41
AIR_EWR_PVG,EWR,PVG,air,11860,20.8,0.52505,1.528
AIR_EWR_SZX,EWR,SZX,air,12920,22.1,0.53188,1.532
AIR_EWR_NRT,EWR,NRT,air,10810,19.5,0.57469,1.37
AIR_EWR_SYD,EWR,SYD,air,15980,26.0,0.56696,1.64
AIR_EWR_AKL,EWR,AKL,air,14190,23.7,0.52787,1.441
AIR_ORD_EWR,ORD,EWR,air,1150,7.4,0.54671,3.331
AIR_ORD_LAX,ORD,LAX,air,2800,9.5,0.54973,2.588
AIR_ORD_GRU,ORD,GRU,air,8430,16.5,0.57251,1.36
AIR_ORD_PTY,ORD,PTY,air,3750,10.7,0.55894,2.439
AIR_ORD_AMS,ORD,AMS,air,6610,14.3,0.5511,1.778
AIR_ORD_DUS,ORD,DUS,air,6790,14.5,0.53267,1.819
AIR_ORD_IST,ORD,IST,air,8790,17.0,0.56513,1.641
AIR_ORD_CMN,ORD,CMN,air,6870,14.6,0.57172,1.939
AIR_ORD_JNB,ORD,JNB,air,14020,23.5,0.5732,1.529
AIR_ORD_DXB,ORD,DXB,air,11640,20.6,0.53328,1.377
AIR_ORD_BOM,ORD,BOM,air,12940,22.2,0.54039,1.364
AIR_ORD_DEL,ORD,DEL,air,12020,21.0,0.53742,1.467
AIR_ORD_SIN,ORD,SIN,air,15050,24.8,0.54212,1.599
AIR_ORD_BKK,ORD,BKK,air,13760,23.2,0.55235,1.434
AIR_ORD_PVG,ORD,PVG,air,11330,20.2,0.56662,1.392
AIR_ORD_SZX,ORD,SZX,air,12490,21.6,0.57678,1.372
AIR_ORD_NRT,ORD,NRT,air,10070,18.6,0.53343,1.582
AIR_ORD_SYD,ORD,SYD,air,14860,24.6,0.56735,1.352
AIR_ORD_AKL,ORD,AKL,air,13180,22.5,0.5626,1.562
AIR_LAX_EWR,LAX,EWR,air,3940,10.9,0.52657,2.651
AIR_LAX_ORD,LAX,ORD,air,2800,9.5,0.52887,2.721
AIR_LAX_GRU,LAX,GRU,air,9920,18.4,0.55678,1.609
AIR_LAX_PTY,LAX,PTY,air,4850,12.1,0.526,2.21
AIR_LAX_AMS,LAX,AMS,air,8960,17.2,0.54039,1.443
AIR_LAX_DUS,LAX,DUS,air,9130,17.4,0.55757,1.569
AIR_LAX_IST,LAX,IST,air,11000,19.8,0.54847,1.616
AIR_LAX_CMN,LAX,CMN,air,9620,18.0,0.56173,1.386
AIR_LAX_JNB,LAX,JNB,air,16710,26.9,0.55337,1.578
AIR_LAX_DXB,LAX,DXB,air,13400,22.8,0.54966,1.581
AIR_LAX_BOM,LAX,BOM,air,14000,23.5,0.54601,1.507
AIR_LAX_DEL,LAX,DEL,air,12880,22.1,0.52843,1.358
AIR_LAX_SIN,LAX,SIN,air,14100,23.6,0.5575,1.359
AIR_LAX_BKK,LAX,BKK,air,13290,22.6,0.55047,1.444
AIR_LAX_PVG,LAX,PVG,air,10420,19.0,0.53621,1.622
AIR_LAX_SZX,LAX,SZX,air,11640,20.6,0.56406,1.473
AIR_LAX_NRT,LAX,NRT,air,8750,16.9,0.52673,1.419
AIR_LAX_SYD,LAX,SYD,air,12060,21.1,0.53137,1.437
AIR_LAX_AKL,LAX,AKL,air,10490,19.1,0.56695,1.629
AIR_GRU_EWR,GRU,EWR,air,7680,15.6,0.57043,1.622
AIR_GRU_ORD,GRU,ORD,air,8430,16.5,0.53276,1.591
AIR_GRU_LAX,GRU,LAX,air,9920,18.4,0.55216,1.618
AIR_GRU_PTY,GRU,PTY,air,5090,12.4,0.57179,2.364
AIR_GRU_AMS,GRU,AMS,air,9780,18.2,0.52855,1.445
AIR_GRU_DUS,GRU,DUS,air,9800,18.2,0.54599,1.418
AIR_GRU_IST,GRU,IST,air,10560,19.2,0.56984,1.595
AIR_GRU_CMN,GRU,CMN,air,7540,15.4,0.55059,1.456
AIR_GRU_JNB,GRU,JNB,air,7440,15.3,0.53472,1.613
AIR_GRU_DXB,GRU,DXB,air,12220,21.3,0.54107,1.386
AIR_GRU_BOM,GRU,BOM,air,13760,23.2,0.54028,1.633
AIR_GRU_DEL,GRU,DEL,air,14400,24.0,0.56117,1.506
AIR_GRU_SIN,GRU,SIN,air,16000,26.0,0.57595,1.459
AIR_GRU_BKK,GRU,BKK,air,16400,26.5,0.53635,1.639
AIR_GRU_PVG,GRU,PVG,air,18580,29.2,0.53905,1.499
AIR_GRU_SZX,GRU,SZX,air,18000,28.5,0.52453,1.435
AIR_GRU_NRT,GRU,NRT,air,18490,29.1,0.55015,1.533
AIR_GRU_SYD,GRU,SYD,air,13370,22.7,0.53783,1.365
AIR_GRU_AKL,GRU,AKL,air,12020,21.0,0.53568,1.622
AIR_PTY_EWR,PTY,EWR,air,3550,10.4,0.54942,2.427
AIR_PTY_ORD,PTY,ORD,air,3750,10.7,0.53581,2.811
AIR_PTY_LAX,PTY,LAX,air,4850,12.1,0.56439,2.366
AIR_PTY_GRU,PTY,GRU,air,5090,12.4,0.56255,2.111
AIR_PTY_AMS,PTY,AMS,air,8810,17.0,0.55728,1.46
AIR_PTY_DUS,PTY,DUS,air,8950,17.2,0.55197,1.54
AIR_PTY_IST,PTY,IST,air,10820,19.5,0.56844,1.377
AIR_PTY_CMN,PTY,CMN,air,7770,15.7,0.53276,1.502
AIR_PTY_JNB,PTY,JNB,air,12200,21.2,0.555,1.362
AIR_PTY_DXB,PTY,DXB,air,13810,23.3,0.52341,1.553
AIR_PTY_BOM,PTY,BOM,air,15650,25.6,0.53496,1.504
AIR_PTY_DEL,PTY,DEL,air,15130,24.9,0.53209,1.544
AIR_PTY_SIN,PTY,SIN,air,18800,29.5,0.54377,1.557
AIR_PTY_BKK,PTY,BKK,air,17480,27.9,0.53006,1.631
AIR_PTY_PVG,PTY,PVG,air,15010,24.8,0.52874,1.452
AIR_PTY_SZX,PTY,SZX,air,16210,26.3,0.57075,1.627
AIR_PTY_NRT,PTY,NRT,air,13520,22.9,0.5588,1.427
AIR_PTY_SYD,PTY,SYD,air,14180,23.7,0.55304,1.595
AIR_PTY_AKL,PTY,AKL,air,12020,21.0,0.5358,1.509
AIR_AMS_EWR,AMS,EWR,air,5870,13.3,0.57185,1.867
AIR_AMS_ORD,AMS,ORD,air,6610,14.3,0.55732,1.995
AIR_AMS_LAX,AMS,LAX,air,8960,17.2,0.54171,1.452
AIR_AMS_GRU,AMS,GRU,air,9780,18.2,0.57184,1.568
AIR_AMS_PTY,AMS,PTY,air,8810,17.0,0.56539,1.616
AIR_AMS_DUS,AMS,DUS,air,180,6.2,0.52713,3.553
AIR_AMS_IST,AMS,IST,air,2180,8.7,0.57192,2.755
AIR_AMS_CMN,AMS,CMN,air,2330,8.9,0.52301,2.98
AIR_AMS_JNB,AMS,JNB,air,9020,17.3,0.55899,1.38
AIR_AMS_DXB,AMS,DXB,air,5170,12.5,0.53134,1.989
AIR_AMS_BOM,AMS,BOM,air,6860,14.6,0.56055,1.802
AIR_AMS_DEL,AMS,DEL,air,6360,13.9,0.53483,1.968
AIR_AMS_SIN,AMS,SIN,air,10510,19.1,0.53555,1.564
AIR_AMS_BKK,AMS,BKK,air,9210,17.5,0.56356,1.448
AIR_AMS_PVG,AMS,PVG,air,8910,17.1,0.56921,1.545
AIR_AMS_SZX,AMS,SZX,air,9240,17.6,0.55376,1.547
AIR_AMS_NRT,AMS,NRT,air,9320,17.6,0.54272,1.378
AIR_AMS_SYD,AMS,SYD,air,16660,26.8,0.53592,1.43
AIR_AMS_AKL,AMS,AKL,air,18140,28.7,0.54412,1.642
AIR_DUS_EWR,DUS,EWR,air,6040,13.6,0.55721,2.146
AIR_DUS_ORD,DUS,ORD,air,6790,14.5,0.55015,1.909
AIR_DUS_LAX,DUS,LAX,air,9130,17.4,0.54959,1.523
AIR_DUS_GRU,DUS,GRU,air,9800,18.2,0.56223,1.409
AIR_DUS_PTY,DUS,PTY,air,8950,17.2,0.52384,1.434
AIR_DUS_AMS,DUS,AMS,air,180,6.2,0.53224,3.556
AIR_DUS_IST,DUS,IST,air,2010,8.5,0.57497,3.262
AIR_DUS_CMN,DUS,CMN,air,2310,8.9,0.54286,3.165
AIR_DUS_JNB,DUS,JNB,air,8860,17.1,0.57356,1.355
AIR_DUS_DXB,DUS,DXB,air,5010,12.3,0.57567,2.215
AIR_DUS_BOM,DUS,BOM,air,6710,14.4,0.56942,1.991
AIR_DUS_DEL,DUS,DEL,air,6240,13.8,0.54368,1.86
AIR_DUS_SIN,DUS,SIN,air,10390,19.0,0.53993,1.605
AIR_DUS_BKK,DUS,BKK,air,9100,17.4,0.55312,1.401
AIR_DUS_PVG,DUS,PVG,air,8870,17.1,0.56078,1.631
AIR_DUS_SZX,DUS,SZX,air,9170,17.5,0.52784,1.521
AIR_DUS_NRT,DUS,NRT,air,9330,17.7,0.57695,1.535
AIR_DUS_SYD,DUS,SYD,air,16570,26.7,0.55101,1.392
AIR_DUS_AKL,DUS,AKL,air,18170,28.7,0.56324,1.613
AIR_IST_EWR,IST,EWR,air,8050,16.1,0.56114,1.559
AIR_IST_ORD,IST,ORD,air,8790,17.0,0.53865,1.458
AIR_IST_LAX,IST,LAX,air,11000,19.8,0.56706,1.593
AIR_IST_GRU,IST,GRU,air,10560,19.2,0.57273,1.61
AIR_IST_PTY,IST,PTY,air,10820,19.5,0.55008,1.503
AIR_IST_AMS,IST,AMS,air,2180,8.7,0.55825,3.131
AIR_IST_DUS,IST,DUS,air,2010,8.5,0.56627,3.119
AIR_IST_CMN,IST,CMN,air,3310,10.1,0.54109,2.881
AIR_IST_JNB,IST,JNB,air,7500,15.4,0.52767,1.585
AIR_IST_DXB,IST,DXB,air,3030,9.8,0.52448,2.785
AIR_IST_BOM,IST,BOM,air,4830,12.0,0.55235,2.277
AIR_IST_DEL,IST,DEL,air,4570,11.7,0.555,2.257
AIR_IST_SIN,IST,SIN,air,8680,16.9,0.52455,1.359
AIR_IST_BKK,IST,BKK,air,7510,15.4,0.54231,1.727
AIR_IST_PVG,IST,PVG,air,8020,16.0,0.55122,1.388
AIR_IST_SZX,IST,SZX,air,7970,16.0,0.53437,1.589
AIR_IST_NRT,IST,NRT,air,8980,17.2,0.52719,1.537
AIR_IST_SYD,IST,SYD,air,14970,24.7,0.55172,1.366
AIR_IST_AKL,IST,AKL,air,17070,27.3,0.55756,1.512
AIR_CMN_EWR,CMN,EWR,air,5830,13.3,0.57617,2.135
AIR_CMN_ORD,CMN,ORD,air,6870,14.6,0.54026,1.788
AIR_CMN_LAX,CMN,LAX,air,9620,18.0,0.5374,1.589
AIR_CMN_GRU,CMN,GRU,air,7540,15.4,0.52682,1.595
AIR_CMN_PTY,CMN,PTY,air,7770,15.7,0.57545,1.41
AIR_CMN_AMS,CMN,AMS,air,2330,8.9,0.56078,3.114
AIR_CMN_DUS,CMN,DUS,air,2310,8.9,0.53203,2.869
AIR_CMN_IST,CMN,IST,air,3310,10.1,0.53626,2.489
AIR_CMN_JNB,CMN,JNB,air,7620,15.5,0.5618,1.611
AIR_CMN_DXB,CMN,DXB,air,6080,13.6,0.5379,2.043
AIR_CMN_BOM,CMN,BOM,air,7990,16.0,0.56308,1.639
AIR_CMN_DEL,CMN,DEL,air,7860,15.8,0.55614,1.552
AIR_CMN_SIN,CMN,SIN,air,11910,20.9,0.53613,1.476
AIR_CMN_BKK,CMN,BKK,air,10810,19.5,0.56418,1.457
AIR_CMN_PVG,CMN,PVG,air,11090,19.9,0.52888,1.354
AIR_CMN_SZX,CMN,SZX,air,11220,20.0,0.52474,1.364
AIR_CMN_NRT,CMN,NRT,air,11640,20.6,0.5612,1.607
AIR_CMN_SYD,CMN,SYD,air,18050,28.6,0.52788,1.492
AIR_CMN_AKL,CMN,AKL,air,19560,30.4,0.54854,1.497
AIR_JNB_EWR,JNB,EWR,air,12860,22.1,0.54636,1.402
AIR_JNB_ORD,JNB,ORD,air,14020,23.5,0.55637,1.47
AIR_JNB_LAX,JNB,LAX,air,16710,26.9,0.52499,1.541
AIR_JNB_GRU,JNB,GRU,air,7440,15.3,0.55692,1.599
AIR_JNB_PTY,JNB,PTY,air,12200,21.2,0.56961,1.501
AIR_JNB_AMS,JNB,AMS,air,9020,17.3,0.53146,1.548
AIR_JNB_DUS,JNB,DUS,air,8860,17.1,0.55783,1.371
AIR_JNB_IST,JNB,IST,air,7500,15.4,0.55472,1.471
AIR_JNB_CMN,JNB,CMN,air,7620,15.5,0.55415,1.735
AIR_JNB_DXB,JNB,DXB,air,6410,14.0,0.55788,1.855
AIR_JNB_BOM,JNB,BOM,air,6960,14.7,0.55251,1.745
AIR_JNB_DEL,JNB,DEL,air,8010,16.0,0.54374,1.632
AIR_JNB_SIN,JNB,SIN,air,8660,16.8,0.57229,1.638
AIR_JNB_BKK,JNB,BKK,air,9000,17.2,0.52631,1.409
AIR_JNB_PVG,JNB,PVG,air,11790,20.7,0.5235,1.38
AIR_JNB_SZX,JNB,SZX,air,10680,19.4,0.56007,1.378
AIR_JNB_NRT,JNB,NRT,air,13580,23.0,0.54004,1.371
AIR_JNB_SYD,JNB,SYD,air,11020,19.8,0.52378,1.603
AIR_JNB_AKL,JNB,AKL,air,12170,21.2,0.538,1.594
AIR_DXB_EWR,DXB,EWR,air,11020,19.8,0.56082,1.385
AIR_DXB_ORD,DXB,ORD,air,11640,20.6,0.57076,1.539
AIR_DXB_LAX,DXB,LAX,air,13400,22.8,0.56669,1.571
AIR_DXB_GRU,DXB,GRU,air,12220,21.3,0.53226,1.435
AIR_DXB_PTY,DXB,PTY,air,13810,23.3,0.56688,1.575
AIR_DXB_AMS,DXB,AMS,air,5170,12.5,0.54519,2.424
AIR_DXB_DUS,DXB,DUS,air,5010,12.3,0.5652,2.19
AIR_DXB_IST,DXB,IST,air,3030,9.8,0.57369,2.655
AIR_DXB_CMN,DXB,CMN,air,6080,13.6,0.54609,2.122
AIR_DXB_JNB,DXB,JNB,air,6410,14.0,0.564,1.993
AIR_DXB_BOM,DXB,BOM,air,1930,8.4,0.57214,2.778
AIR_DXB_DEL,DXB,DEL,air,2180,8.7,0.56796,2.958
AIR_DXB_SIN,DXB,SIN,air,5850,13.3,0.57175,1.964
AIR_DXB_BKK,DXB,BKK,air,4900,12.1,0.5231,2.225
AIR_DXB_PVG,DXB,PVG,air,6450,14.1,0.52752,2.041
AIR_DXB_SZX,DXB,SZX,air,5900,13.4,0.57475,1.952
AIR_DXB_NRT,DXB,NRT,air,7980,16.0,0.55404,1.641
AIR_DXB_SYD,DXB,SYD,air,12040,21.1,0.54716,1.54
AIR_DXB_AKL,DXB,AKL,air,14200,23.8,0.54058,1.438
AIR_BOM_EWR,BOM,EWR,air,12550,21.7,0.56388,1.552
AIR_BOM_ORD,BOM,ORD,air,12940,22.2,0.56593,1.587
AIR_BOM_LAX,BOM,LAX,air,14000,23.5,0.54969,1.377
AIR_BOM_GRU,BOM,GRU,air,13760,23.2,0.55272,1.367
AIR_BOM_PTY,BOM,PTY,air,15650,25.6,0.57132,1.482
AIR_BOM_AMS,BOM,AMS,air,6860,14.6,0.52894,1.732
AIR_BOM_DUS,BOM,DUS,air,6710,14.4,0.56438,1.692
AIR_BOM_IST,BOM,IST,air,4830,12.0,0.52806,2.347
AIR_BOM_CMN,BOM,CMN,air,7990,16.0,0.56105,1.378
AIR_BOM_JNB,BOM,JNB,air,6960,14.7,0.5677,1.61
AIR_BOM_DXB,BOM,DXB,air,1930,8.4,0.52697,3.142
AIR_BOM_DEL,BOM,DEL,air,1140,7.4,0.57677,2.948
AIR_BOM_SIN,BOM,SIN,air,3920,10.9,0.54289,2.457
AIR_BOM_BKK,BOM,BKK,air,3030,9.8,0.5746,2.914
AIR_BOM_PVG,BOM,PVG,air,5060,12.3,0.56394,2.452
AIR_BOM_SZX,BOM,SZX,air,4260,11.3,0.52709,2.375
AIR_BOM_NRT,BOM,NRT,air,6790,14.5,0.55321,1.902
AIR_BOM_SYD,BOM,SYD,air,10160,18.7,0.57235,1.477
AIR_BOM_AKL,BOM,AKL,air,12300,21.4,0.54959,1.383
AIR_DEL_EWR,DEL,EWR,air,11770,20.7,0.54828,1.353
AIR_DEL_ORD,DEL,ORD,air,12020,21.0,0.52903,1.367
AIR_DEL_LAX,DEL,LAX,air,12880,22.1,0.55821,1.385
AIR_DEL_GRU,DEL,GRU,air,14400,24.0,0.55459,1.574
AIR_DEL_PTY,DEL,PTY,air,15130,24.9,0.54312,1.639
AIR_DEL_AMS,DEL,AMS,air,6360,13.9,0.57027,1.828
AIR_DEL_DUS,DEL,DUS,air,6240,13.8,0.57548,1.833
AIR_DEL_IST,DEL,IST,air,4570,11.7,0.57584,2.127
AIR_DEL_CMN,DEL,CMN,air,7860,15.8,0.57151,1.395
AIR_DEL_JNB,DEL,JNB,air,8010,16.0,0.57711,1.508
AIR_DEL_DXB,DEL,DXB,air,2180,8.7,0.55296,2.703
AIR_DEL_BOM,DEL,BOM,air,1140,7.4,0.55127,3.517
AIR_DEL_SIN,DEL,SIN,air,4160,11.2,0.56077,2.524
AIR_DEL_BKK,DEL,BKK,air,2950,9.7,0.55702,2.737
AIR_DEL_PVG,DEL,PVG,air,4290,11.4,0.57206,2.468
AIR_DEL_SZX,DEL,SZX,air,3730,10.7,0.53795,2.334
AIR_DEL_NRT,DEL,NRT,air,5910,13.4,0.57146,2.205
AIR_DEL_SYD,DEL,SYD,air,10430,19.0,0.55661,1.487
AIR_DEL_AKL,DEL,AKL,air,12500,21.6,0.53285,1.433
AIR_SIN_EWR,SIN,EWR,air,15340,25.2,0.54193,1.489
AIR_SIN_ORD,SIN,ORD,air,15050,24.8,0.52678,1.525
AIR_SIN_LAX,SIN,LAX,air,14100,23.6,0.57674,1.642
AIR_SIN_GRU,SIN,GRU,air,16000,26.0,0.55199,1.559
AIR_SIN_PTY,SIN,PTY,air,18800,29.5,0.56726,1.443
AIR_SIN_AMS,SIN,AMS,air,10510,19.1,0.53144,1.555
AIR_SIN_DUS,SIN,DUS,air,10390,19.0,0.56774,1.623
AIR_SIN_IST,SIN,IST,air,8680,16.9,0.56241,1.635
AIR_SIN_CMN,SIN,CMN,air,11910,20.9,0.5455,1.534
AIR_SIN_JNB,SIN,JNB,air,8660,16.8,0.57013,1.63
AIR_SIN_DXB,SIN,DXB,air,5850,13.3,0.52395,1.852
AIR_SIN_BOM,SIN,BOM,air,3920,10.9,0.56708,2.458
AIR_SIN_DEL,SIN,DEL,air,4160,11.2,0.53077,2.7
AIR_SIN_BKK,SIN,BKK,air,1420,7.8,0.54345,3.204
AIR_SIN_PVG,SIN,PVG,air,3800,10.8,0.56882,2.79
AIR_SIN_SZX,SIN,SZX,air,2590,9.2,0.54828,3.046
AIR_SIN_NRT,SIN,NRT,air,5360,12.7,0.53754,2.123
AIR_SIN_SYD,SIN,SYD,air,6290,13.9,0.57006,1.756
AIR_SIN_AKL,SIN,AKL,air,8410,16.5,0.57748,1.594
AIR_BKK_EWR,BKK,EWR,air,13950,23.4,0.55305,1.649
AIR_BKK_ORD,BKK,ORD,air,13760,23.2,0.57446,1.581
AIR_BKK_LAX,BKK,LAX,air,13290,22.6,0.5361,1.605
AIR_BKK_GRU,BKK,GRU,air,16400,26.5,0.5296,1.485
AIR_BKK_PTY,BKK,PTY,air,17480,27.9,0.55584,1.636
AIR_BKK_AMS,BKK,AMS,air,9210,17.5,0.55944,1.419
AIR_BKK_DUS,BKK,DUS,air,9100,17.4,0.5422,1.535
AIR_BKK_IST,BKK,IST,air,7510,15.4,0.55944,1.497
AIR_BKK_CMN,BKK,CMN,air,10810,19.5,0.56498,1.506
AIR_BKK_JNB,BKK,JNB,air,9000,17.2,0.56937,1.506
AIR_BKK_DXB,BKK,DXB,air,4900,12.1,0.55335,2.299
AIR_BKK_BOM,BKK,BOM,air,3030,9.8,0.54469,2.949
AIR_BKK_DEL,BKK,DEL,air,2950,9.7,0.52408,2.56
AIR_BKK_SIN,BKK,SIN,air,1420,7.8,0.55662,3.305
AIR_BKK_PVG,BKK,PVG,air,2900,9.6,0.53421,2.888
AIR_BKK_SZX,BKK,SZX,air,1700,8.1,0.5233,2.851
AIR_BKK_NRT,BKK,NRT,air,4650,11.8,0.55495,2.268
AIR_BKK_SYD,BKK,SYD,air,7510,15.4,0.54656,1.588
AIR_BKK_AKL,BKK,AKL,air,9560,17.9,0.54165,1.621
AIR_PVG_EWR,PVG,EWR,air,11860,20.8,0.5656,1.504
AIR_PVG_ORD,PVG,ORD,air,11330,20.2,0.55671,1.469
AIR_PVG_LAX,PVG,LAX,air,10420,19.0,0.57472,1.609
AIR_PVG_GRU,PVG,GRU,air,18580,29.2,0.57346,1.394
AIR_PVG_PTY,PVG,PTY,air,15010,24.8,0.5367,1.498
AIR_PVG_AMS,PVG,AMS,air,8910,17.1,0.5764,1.488
AIR_PVG_DUS,PVG,DUS,air,8870,17.1,0.54058,1.498
AIR_PVG_IST,PVG,IST,air,8020,16.0,0.53571,1.54
AIR_PVG_CMN,PVG,CMN,air,11090,19.9,0.52959,1.373
AIR_PVG_JNB,PVG,JNB,air,11790,20.7,0.53085,1.388
AIR_PVG_DXB,PVG,DXB,air,6450,14.1,0.55775,1.751
AIR_PVG_BOM,PVG,BOM,air,5060,12.3,0.54151,2.093
AIR_PVG_DEL,PVG,DEL,air,4290,11.4,0.54857,2.62
AIR_PVG_SIN,PVG,SIN,air,3800,10.8,0.53198,2.635
AIR_PVG_BKK,PVG,BKK,air,2900,9.6,0.52475,2.604
AIR_PVG_SZX,PVG,SZX,air,1230,7.5,0.53782,2.981
AIR_PVG_NRT,PVG,NRT,air,1800,8.2,0.52738,2.853
AIR_PVG_SYD,PVG,SYD,air,7860,15.8,0.54784,1.419
AIR_PVG_AKL,PVG,AKL,air,9370,17.7,0.54253,1.412
AIR_SZX_EWR,SZX,EWR,air,12920,22.1,0.56047,1.501
AIR_SZX_ORD,SZX,ORD,air,12490,21.6,0.56647,1.362
AIR_SZX_LAX,SZX,LAX,air,11640,20.6,0.527,1.538
AIR_SZX_GRU,SZX,GRU,air,18000,28.5,0.57315,1.612
AIR_SZX_PTY,SZX,PTY,air,16210,26.3,0.53773,1.368
AIR_SZX_AMS,SZX,AMS,air,9240,17.6,0.56365,1.592
AIR_SZX_DUS,SZX,DUS,air,9170,17.5,0.53401,1.405
AIR_SZX_IST,SZX,IST,air,7970,16.0,0.54915,1.468
AIR_SZX_CMN,SZX,CMN,air,11220,20.0,0.54279,1.535
AIR_SZX_JNB,SZX,JNB,air,10680,19.4,0.56361,1.489
AIR_SZX_DXB,SZX,DXB,air,5900,13.4,0.53638,1.837
AIR_SZX_BOM,SZX,BOM,air,4260,11.3,0.57174,2.539
AIR_SZX_DEL,SZX,DEL,air,3730,10.7,0.55177,2.573
AIR_SZX_SIN,SZX,SIN,air,2590,9.2,0.54711,2.628
AIR_SZX_BKK,SZX,BKK,air,1700,8.1,0.53584,3.095
AIR_SZX_PVG,SZX,PVG,air,1230,7.5,0.54325,3.045
AIR_SZX_NRT,SZX,NRT,air,2950,9.7,0.54021,2.497
AIR_SZX_SYD,SZX,SYD,air,7430,15.3,0.54051,1.548
AIR_SZX_AKL,SZX,AKL,air,9200,17.5,0.57148,1.386
AIR_NRT_EWR,NRT,EWR,air,10810,19.5,0.55985,1.528
AIR_NRT_ORD,NRT,ORD,air,10070,18.6,0.54991,1.587
AIR_NRT_LAX,NRT,LAX,air,8750,16.9,0.55204,1.376
AIR_NRT_GRU,NRT,GRU,air,18490,29.1,0.5635,1.526
AIR_NRT_PTY,NRT,PTY,air,13520,22.9,0.52952,1.479
AIR_NRT_AMS,NRT,AMS,air,9320,17.6,0.54247,1.435
AIR_NRT_DUS,NRT,DUS,air,9330,17.7,0.55389,1.544
AIR_NRT_IST,NRT,IST,air,8980,17.2,0.57676,1.457
AIR_NRT_CMN,NRT,CMN,air,11640,20.6,0.53555,1.532
AIR_NRT_JNB,NRT,JNB,air,13580,23.0,0.53091,1.381
AIR_NRT_DXB,NRT,DXB,air,7980,16.0,0.53134,1.429
AIR_NRT_BOM,NRT,BOM,air,6790,14.5,0.53818,1.69
AIR_NRT_DEL,NRT,DEL,air,5910,13.4,0.57182,1.89
AIR_NRT_SIN,NRT,SIN,air,5360,12.7,0.55135,1.979
AIR_NRT_BKK,NRT,BKK,air,4650,11.8,0.57653,2.296
AIR_NRT_PVG,NRT,PVG,air,1800,8.2,0.54438,2.813
AIR_NRT_SZX,NRT,SZX,air,2950,9.7,0.5701,3.022
AIR_NRT_SYD,NRT,SYD,air,7830,15.8,0.53668,1.64
AIR_NRT_AKL,NRT,AKL,air,8840,17.1,0.55928,1.401
AIR_SYD_EWR,SYD,EWR,air,15980,26.0,0.55312,1.629
AIR_SYD_ORD,SYD,ORD,air,14860,24.6,0.5379,1.521
AIR_SYD_LAX,SYD,LAX,air,12060,21.1,0.53279,1.581
AIR_SYD_GRU,SYD,GRU,air,13370,22.7,0.5459,1.447
AIR_SYD_PTY,SYD,PTY,air,14180,23.7,0.53583,1.502
AIR_SYD_AMS,SYD,AMS,air,16660,26.8,0.55608,1.384
AIR_SYD_DUS,SYD,DUS,air,16570,26.7,0.55447,1.437
AIR_SYD_IST,SYD,IST,air,14970,24.7,0.54896,1.396
AIR_SYD_CMN,SYD,CMN,air,18050,28.6,0.52535,1.51
AIR_SYD_JNB,SYD,JNB,air,11020,19.8,0.52989,1.451
AIR_SYD_DXB,SYD,DXB,air,12040,21.1,0.57695,1.369
AIR_SYD_BOM,SYD,BOM,air,10160,18.7,0.56704,1.447
AIR_SYD_DEL,SYD,DEL,air,10430,19.0,0.55998,1.426
AIR_SYD_SIN,SYD,SIN,air,6290,13.9,0.55526,2.028
AIR_SYD_BKK,SYD,BKK,air,7510,15.4,0.54515,1.613
AIR_SYD_PVG,SYD,PVG,air,7860,15.8,0.57362,1.489
AIR_SYD_SZX,SYD,SZX,air,7430,15.3,0.57558,1.751
AIR_SYD_NRT,SYD,NRT,air,7830,15.8,0.5627,1.427
AIR_SYD_AKL,SYD,AKL,air,2160,8.7,0.53247,3.219
AIR_AKL_EWR,AKL,EWR,air,14190,23.7,0.56326,1.37
AIR_AKL_ORD,AKL,ORD,air,13180,22.5,0.5688,1.522
AIR_AKL_LAX,AKL,LAX,air,10490,19.1,0.56624,1.392
AIR_AKL_GRU,AKL,GRU,air,12020,21.0,0.5315,1.41
AIR_AKL_PTY,AKL,PTY,air,12020,21.0,0.5673,1.399
AIR_AKL_AMS,AKL,AMS,air,18140,28.7,0.55127,1.55
AIR_AKL_DUS,AKL,DUS,air,18170,28.7,0.57075,1.458
AIR_AKL_IST,AKL,IST,air,17070,27.3,0.56741,1.468
AIR_AKL_CMN,AKL,CMN,air,19560,30.4,0.54323,1.482
AIR_AKL_JNB,AKL,JNB,air,12170,21.2,0.53908,1.489
AIR_AKL_DXB,AKL,DXB,air,14200,23.8,0.55015,1.574
AIR_AKL_BOM,AKL,BOM,air,12300,21.4,0.57198,1.42
AIR_AKL_DEL,AKL,DEL,air,12500,21.6,0.5524,1.465
AIR_AKL_SIN,AKL,SIN,air,8410,16.5,0.55683,1.622
AIR_AKL_BKK,AKL,BKK,air,9560,17.9,0.57419,1.385
AIR_AKL_PVG,AKL,PVG,air,9370,17.7,0.54092,1.538
AIR_AKL_SZX,AKL,SZX,air,9200,17.5,0.56617,1.392
AIR_AKL_NRT,AKL,NRT,air,8840,17.1,0.55184,1.536
AIR_AKL_SYD,AKL,SYD,air,2160,8.7,0.56587,3.193
